id,title,location,price,bed,bath,sqft,psf,year,titleType,buildingType,url,area,full_address,latitude,longitude
39094812,[Clearance Stock] Fully Furnished Duplex Condo For Airbnb,"KL City, Kuala Lumpur",388000,3 ,2 ,1000,388.00,,Freehold,Condominium,https://www.propertyguru.com.my/property-listing/clearance-stock-fully-furnished-duplex-condo-for-airbnb-for-sale-by-hannah-tan-39094812,KL City,"Meadow Park 2, Jalan 13, Happy Garden, 58200 Kuala Lumpur, Federal Territory of Kuala Lumpur, Malaysia",3.0850707,101.6810128
39631009,Pavilion Mont' Kiara,"Changkat Duta Kiara, Mont Kiara, Kuala Lumpur",1246000,2 ,2 ,1001,"1,244.76",2027,Freehold,Condominium,https://www.propertyguru.com.my/property-listing/pavilion-mont-kiara-for-sale-by-chester-chong-39631009,Mont Kiara,"Changkat Duta Kiara, Mont Kiara, 50480 Kuala Lumpur, Wilayah Persekutuan Kuala Lumpur, Malaysia",3.170047,101.6580906
39582617,"[ Gaji Bersih 3K dpt Rumah ?! ] Investment Condo lagi Percuma Perabot, Cyberjaya","Cheras, Kuala Lumpur",229000,3 ,2 ,951,240.80,2026,Freehold,Condominium,https://www.propertyguru.com.my/property-listing/gaji-bersih-3k-dpt-rumah-investment-condo-lagi-percuma-perabot-cyberjaya-for-sale-by-derrick-chang-39582617,Cheras,"39, Lrg Haji Hussein 2, Chow Kit, 50300 Kuala Lumpur, Wilayah Persekutuan Kuala Lumpur, Malaysia",3.1668267,101.7008933
39666129,Northpoint Residences,"1 Medan Syed Putra, Mid Valley City, Kuala Lumpur",2040000,3 ,4 ,1883,"1,083.38",2006,Leasehold,Condominium,https://www.propertyguru.com.my/property-listing/northpoint-residences-for-sale-by-sylvia-lee-39666129,Mid Valley City,"Mid Valley City, 58000 Kuala Lumpur, Wilayah Persekutuan Kuala Lumpur, Malaysia",3.117196,101.678054
38589861,Sri Bahagia Court,"- Jalan Bahagia 10, Taman Sri Bahagia, Cheras, Kuala Lumpur",220000,3 ,2 ,830,265.06,,Freehold,Apartment,https://www.propertyguru.com.my/property-listing/sri-bahagia-court-for-sale-by-ace-chang-38589861,Cheras,"Taman Seri Bahagia, 56000 Cheras, Selangor, Malaysia",3.0594619,101.7525068
38864062,KLCC - Studio RM588K Fully Furnished,"KLCC, KL City, Kuala Lumpur",588000,2 ,1 ,456,"1,289.47",,Freehold,Condominium,https://www.propertyguru.com.my/property-listing/klcc-studio-rm588k-fully-furnished-for-sale-by-zoey-wong-38864062,KL City,"Kuala Lumpur Convention Centre, Stall 7, Jalan Pinang, 50450 Kuala Lumpur, Wilayah Persekutuan Kuala Lumpur, Malaysia",3.1538815,101.7134125
37938675,Mont Kiara Mont Kiara Mont Kiara Mont Kiara,"Solaris Dutamas, Mont Kiara, Kuala Lumpur",450000,2 ,2 ,750,600.00,,Leasehold,Condominium,https://www.propertyguru.com.my/property-listing/mont-kiara-mont-kiara-mont-kiara-mont-kiara-for-sale-by-zoey-wong-37938675,Mont Kiara,"Solaris Dutamas, Jln Dutamas 1, Mont Kiara, 50480 Kuala Lumpur, Wilayah Persekutuan, Malaysia",3.1706338,101.6663083
39239549,RM350K Sungai Besi Fully Furnished Near LRT,"Sungai Besi, Kuala Lumpur",370000,3 ,2 ,900,411.11,,,Condominium,https://www.propertyguru.com.my/property-listing/rm350k-sungai-besi-fully-furnished-near-lrt-for-sale-by-zoey-wong-39239549,Sungai Besi,"Sungai Besi, 57000 Kuala Lumpur, Federal Territory of Kuala Lumpur, Malaysia",3.0639386,101.7080071
39728590,【Ready Move In】Semi-D Layout + Sky Facilities & Fully Furnish + FREEHOLD KLCC View,"KLCC, KL City, Kuala Lumpur",430800,3 ,2 ,1233,349.39,,Freehold,Condominium,https://www.propertyguru.com.my/property-listing/ready-move-in-semi-d-layout-sky-facilities-fully-furnish-freehold-klcc-view-for-sale-by-gina-lim-39728590,KL City,"Kuala Lumpur City Centre, Kuala Lumpur, Federal Territory of Kuala Lumpur, Malaysia",3.146642,101.6958449
39781527,Heritage,"- Jalan Setapak, Kampung Puah, Setapak, Kuala Lumpur",330000,3 ,2 ,1242,265.70,,Freehold,Condominium,https://www.propertyguru.com.my/property-listing/heritage-for-sale-by-cammie-loh-39781527,Setapak,"Kampung Puah, 53000 Kuala Lumpur, Wilayah Persekutuan Kuala Lumpur, Malaysia",3.19708,101.7040741
39618903,[HOT Investment+High Return Property] Free Furnish Beside Univercity And Shopping Maill@Bukit Jalil,"Bukit Jalil, Kuala Lumpur",480000,3 ,3 ,1200,400.00,,Freehold,Condominium,https://www.propertyguru.com.my/property-listing/hot-investment-high-return-property-free-furnish-beside-univercity-and-shopping-maill-bukit-jalil-for-sale-by-hazel-low-39618903,Bukit Jalil,"Bukit Jalil, 57000 Kuala Lumpur, Federal Territory of Kuala Lumpur, Malaysia",3.0586745,101.6917068
39494580,[Developer Clearance] Bukit Jalil Duplex 1700 sqft MRT Linked,"Technology Park Malaysia, Bukit Jalil, Kuala Lumpur",538000,4 ,2 ,1700,316.47,,Freehold,Duplex,https://www.propertyguru.com.my/property-listing/developer-clearance-bukit-jalil-duplex-1700-sqft-mrt-linked-for-sale-by-wei-nie-39494580,Bukit Jalil,"Technology Park Malaysia, 57000 Kuala Lumpur, Federal Territory of Kuala Lumpur, Malaysia",3.047042,101.6869835
38205629,"ARIA Luxury Residence, KLCC","- Jalan Tun Razak, Kuala Lumpur Kuala Lumpur, KLCC, KL City, Kuala Lumpur",1580000,3 ,3 ,1159,"1,363.24",2019,Freehold,Condominium,https://www.propertyguru.com.my/property-listing/aria-luxury-residence-klcc-for-sale-by-kent-tan-38205629,KL City,"213, Jln Tun Razak, Kuala Lumpur, 50450 Kuala Lumpur, Wilayah Persekutuan Kuala Lumpur, Malaysia",3.1538913,101.7221658
39707751,Cheras New Condo Next to MRT | 5 Star Facilities | Cheras TOD Project,"Taman Maluri, Cheras, Kuala Lumpur",370000,3 ,2 ,1000,370.00,,Freehold,Condominium,https://www.propertyguru.com.my/property-listing/cheras-new-condo-next-to-mrt-5-star-facilities-cheras-tod-project-for-sale-by-ivan-wong-39707751,Cheras,"Jln Cheras, Maluri, Kuala Lumpur, Wilayah Persekutuan Kuala Lumpur, Malaysia",3.1268985,101.7233174
38213873,TAMAN OUG [FREEHOLD & FULLY FURNISH] SUPER BIG SIZE PENTHOUSE LOW DENSITY CONDO,"Bukit Jalil, Kuala Lumpur",500000,4 ,3 ,2316,215.89,,Freehold,Condominium,https://www.propertyguru.com.my/property-listing/taman-oug-freehold-fully-furnish-super-big-size-penthouse-low-density-condo-for-sale-by-jason-lai-38213873,Bukit Jalil,"Taman OUG, 58200 Kuala Lumpur, Federal Territory of Kuala Lumpur, Malaysia",3.072557,101.67305
38147872,BANDAR TUN RAZAK [PET FRIENDLY] 200 UNIT GREENERY HILLTOP GARDEN CONDO,"Bandar Tun Razak, Cheras, Kuala Lumpur",250000,4 ,2 ,1054,237.19,,Freehold,Condominium,https://www.propertyguru.com.my/property-listing/bandar-tun-razak-pet-friendly-200-unit-greenery-hilltop-garden-condo-for-sale-by-jason-lai-38147872,Cheras,"Cheras, 56000 Kuala Lumpur, Federal Territory of Kuala Lumpur, Malaysia",3.1068447,101.7259197
39287749,【NEW CONDO】 FULLY RESIDENTIAL + WALK TO LRT & MRT @ Bangsar South,"Kampung Kerinchi (Bangsar South), Bangsar South, Kuala Lumpur",528000,3 ,2 ,1218,433.50,,Freehold,Condominium,https://www.propertyguru.com.my/property-listing/new-condo-fully-residential-walk-to-lrt-mrt-bangsar-south-for-sale-by-harry-ho-39287749,Bangsar South,"8, Avenue 5, The Horizon, 59200 Kuala Lumpur, Wilayah Persekutuan Kuala Lumpur, Malaysia",3.1109305,101.6666748
39288489,【READY MOVE IN】 FROM 450k 3-4ROOMS *BALCONY UNITS* @ Mid Valley,"Mid Valley City, Kuala Lumpur",450000,3 ,2 ,1085,414.75,2023,Freehold,Condominium,https://www.propertyguru.com.my/property-listing/ready-move-in-from-450k-3-4rooms-balcony-units-mid-valley-for-sale-by-harry-ho-39288489,Mid Valley City,"Mid Valley City, 58000 Kuala Lumpur, Wilayah Persekutuan Kuala Lumpur, Malaysia",3.1188671,101.6777449
39277369,【READY MOVE IN】FULLY FURNISH + 3MIN WALK TO MALL @ Mont Kiara,"Dutamas, Mont Kiara, Kuala Lumpur",400000,3 ,2 ,1108,361.01,,Freehold,Condominium,https://www.propertyguru.com.my/property-listing/ready-move-in-fully-furnish-3min-walk-to-mall-mont-kiara-for-sale-by-harry-ho-39277369,Mont Kiara,"Jln Solaris Dutamas, 50480 Kuala Lumpur, Wilayah Persekutuan Kuala Lumpur, Malaysia",3.1718863,101.6652716
39426853,Platinum Splendor Residensi Semarak,"Jalan Semarak, Kampung Padang Tembak, Bukit Keramat, Keramat, Kuala Lumpur",470000,3 ,2 ,1065,441.31,2020,Leasehold,Condominium,https://www.propertyguru.com.my/property-listing/platinum-splendor-residensi-semarak-for-sale-by-ikmal-hakim-39426853,Keramat,"No. 4, Jalan Lestari, Kampung Padang Tembak, 54000 Kuala Lumpur, Wilayah Persekutuan Kuala Lumpur, Malaysia",3.1811764,101.7250108
39780802,Sunway Vivaldi,"- Jalan 19/70a, Mont Kiara, Mont Kiara, Kuala Lumpur",3900000,5 ,5 ,4000,975.00,2011,Freehold,Apartment,https://www.propertyguru.com.my/property-listing/sunway-vivaldi-for-sale-by-hans-fernandez-39780802,Mont Kiara,"Jalan 19/70a, Desa Sri Hartamas, 50480 Kuala Lumpur, Wilayah Persekutuan Kuala Lumpur, Malaysia",3.1642233,101.6472366
39010647,AT6 Residensi @ Ampang Tengah,"6 Jalan Ampang Tengah, Taman U-Thant, Ampang Hilir, Kuala Lumpur",3427000,4 ,5 ,2799,"1,224.37",2021,Freehold,Condominium,https://www.propertyguru.com.my/property-listing/at6-residensi-ampang-tengah-for-sale-by-darren-lim-39010647,Ampang Hilir,"Lot 134, Seksyen, 89, Jalan Ampang Tengah, Taman U Thant, 55000 Kuala Lumpur, Federal Territory of Kuala Lumpur, Malaysia",3.1589656,101.7346407
39771671,Maluri walking distance to MRT Freehold Fully Furnished,"Taman Maluri, Cheras, Kuala Lumpur",350000,4 ,2 ,1000,350.00,,Freehold,Condominium,https://www.propertyguru.com.my/property-listing/maluri-walking-distance-to-mrt-freehold-fully-furnished-for-sale-by-ginger-39771671,Cheras,"Cheras, 56000 Kuala Lumpur, Federal Territory of Kuala Lumpur, Malaysia",3.1068447,101.7259197
39771507,Puchong Freehold Fully Furnished Condo,"Puchong, Kuala Lumpur",550000,4 ,3 ,1200,458.33,,Freehold,Condominium,https://www.propertyguru.com.my/property-listing/puchong-freehold-fully-furnished-condo-for-sale-by-ginger-39771507,Puchong,"Puchong, Selangor, Malaysia",3.0327152,101.618802
39768934,Old Klang Road Freehold Fully Furnished,"Jalan Klang Lama (Old Klang Road), Bukit Jalil, Kuala Lumpur",500000,4 ,3 ,1100,454.55,,Freehold,Condominium,https://www.propertyguru.com.my/property-listing/old-klang-road-freehold-fully-furnished-for-sale-by-ginger-39768934,Bukit Jalil,"Jln Klang Lama, 58100 Kuala Lumpur, Wilayah Persekutuan Kuala Lumpur, Malaysia",3.1088738,101.6780994
39768766,Solaris Duplex,"Solaris Dutamas, Mont Kiara, Kuala Lumpur",550000,3 ,2 ,800,687.50,,Leasehold,Condominium,https://www.propertyguru.com.my/property-listing/solaris-duplex-for-sale-by-ginger-39768766,Mont Kiara,"Solaris Dutamas, Jln Dutamas 1, Mont Kiara, 50480 Kuala Lumpur, Wilayah Persekutuan, Malaysia",3.1706338,101.6663083
39768050,"Best Investment Project- 100% Capital Gain in 5 Years, Rental RM5k","KLCC, KL City, Kuala Lumpur",500000,3 ,2 ,1100,454.55,,Freehold,Condominium,https://www.propertyguru.com.my/property-listing/best-investment-project-100-capital-gain-in-5-years-rental-rm5k-for-sale-by-ginger-39768050,KL City,"Kuala Lumpur City Centre, Kuala Lumpur, Federal Territory of Kuala Lumpur, Malaysia",3.146642,101.6958449
39767890,Double Storey In The Sky Condo In Bukit Jalil Freehold & Fully Furnished,"Bukit Jalil, Kuala Lumpur",500000,4 ,3 ,1595,313.48,,Freehold,Condominium,https://www.propertyguru.com.my/property-listing/double-storey-in-the-sky-condo-in-bukit-jalil-freehold-fully-furnished-for-sale-by-ginger-39767890,Bukit Jalil,"Bandar Puchong Jaya, 47100 Puchong, Selangor, Malaysia",3.048351,101.6311802
38145364,TAMAN SUNTEX @LIMITED FULLY FURNISHED PACKAGE!! FREE MOT & FIRST HOME BUYER FREE EXTRA 5% REBATE!!,"Cheras, Kuala Lumpur",350000.00,3 ,1 ,666,525.53,,,Condominium,https://www.propertyguru.com.my/property-listing/taman-suntex-limited-fully-furnished-package-free-mot-first-home-buyer-free-extra-5-rebate-for-sale-by-ginger-38145364,Cheras,"Cheras, 56000 Kuala Lumpur, Federal Territory of Kuala Lumpur, Malaysia",3.1068447,101.7259197
39780738,Bangsar Heights,"- Lorong Kaloi, Taman Bukit Pantai, Bangsar, Kuala Lumpur",10500000,6 ,6 ,9500,"1,105.26",,Freehold,Condominium,https://www.propertyguru.com.my/property-listing/bangsar-heights-for-sale-by-hans-fernandez-39780738,Bangsar,"Bangsar Heights, Jalan Kaloi, Bangsar, 59100 Kuala Lumpur, Wilayah Persekutuan Kuala Lumpur, Malaysia",3.1239588,101.6709414
37605639,Wangsa Maju Wangsa Maju Wangsa Maju,"Wangsa Maju, Kuala Lumpur",299000,3 ,2 ,1000,299.00,,Freehold,Condominium,https://www.propertyguru.com.my/property-listing/wangsa-maju-wangsa-maju-wangsa-maju-for-sale-by-kevin-chai-37605639,Wangsa Maju,"Wangsa Maju, 53300 Kuala Lumpur, Federal Territory of Kuala Lumpur, Malaysia",3.203764,101.7367351
37112803,Bangsar Bangsar Bangsar,"Bangsar, Kuala Lumpur",300000,3 ,2 ,1000,300.00,,Freehold,Condominium,https://www.propertyguru.com.my/property-listing/bangsar-bangsar-bangsar-for-sale-by-kevin-chai-37112803,Bangsar,"Bangsar, 59000 Kuala Lumpur, Federal Territory of Kuala Lumpur, Malaysia",3.12901,101.6797838
35659229,Menara Bukit Ceylon,"- Jalan Ceylon, Bukit Ceylon, Bukit Bintang, KL City, Kuala Lumpur",770000,3 ,2 ,1410,546.10,1993,Freehold,Condominium,https://www.propertyguru.com.my/property-listing/menara-bukit-ceylon-for-sale-by-winson-tay-35659229,KL City,"2, Jalan Ceylon, Bukit Ceylon, 50200 Kuala Lumpur, Wilayah Persekutuan Kuala Lumpur, Malaysia",3.1479192,101.7064463
35716418,Only RM 4XXk !! [Super Below Market Price] FREEHOLD Walking Distance To MRT /KTM Mont Kiara,"Solaris Dutamas, Mont Kiara, Kuala Lumpur",428689,3 ,2 ,1228,349.10,,Freehold,Condominium,https://www.propertyguru.com.my/property-listing/only-rm-4xxk-super-below-market-price-freehold-walking-distance-to-mrt-ktm-mont-kiara-for-sale-by-henry-lau-35716418,Mont Kiara,"Solaris Dutamas, Jln Dutamas 1, Mont Kiara, 50480 Kuala Lumpur, Wilayah Persekutuan, Malaysia",3.1706338,101.6663083
38320139,READY TO MOVE IN [ Free Fully Furnished ] Cash Back Walking Distance To MRT LRT Bangsar South,"Kampung Kerinchi (Bangsar South), Bangsar South, Kuala Lumpur",452675,3 ,2 ,1238,365.65,2023,Freehold,Condominium,https://www.propertyguru.com.my/property-listing/ready-to-move-in-free-fully-furnished-cash-back-walking-distance-to-mrt-lrt-bangsar-south-for-sale-by-henry-lau-38320139,Bangsar South,"8, Avenue 5, The Horizon, 59200 Kuala Lumpur, Wilayah Persekutuan Kuala Lumpur, Malaysia",3.1109305,101.6666748
38757360,Nadi Bangsar Service Residence,"Jalan Tandok Off Jalan Maarof, Bangsar, Bangsar, Kuala Lumpur",1200000,2 ,2 ,1078,"1,113.17",,Freehold,Service Residence,https://www.propertyguru.com.my/property-listing/nadi-bangsar-service-residence-for-sale-by-kraven-poon-38757360,Bangsar,"16, Jln Tandok, Bangsar, 59100 Kuala Lumpur, Federal Territory of Kuala Lumpur, Malaysia",3.1257992,101.6751472
39780220,PV9 Residences @ Taman Melati,"Taman Melati, Taman Setapak, Setapak, Kuala Lumpur",580000,3 ,2 ,1000,580.00,2022,99-year Leasehold,Condominium,https://www.propertyguru.com.my/property-listing/pv9-residences-taman-melati-for-sale-by-kin-min-39780220,Setapak,"Kampung Wira Jaya, 53100 Kuala Lumpur, Wilayah Persekutuan Kuala Lumpur, Malaysia",3.2173588,101.7247695
39691392,Connaught Residences @ Cheras Connaught,"Cheras Condo For Sale, Taman Connaught, Cheras, Kuala Lumpur",380000,4 ,2 ,1100,345.45,2024,Freehold,Condominium,https://www.propertyguru.com.my/property-listing/connaught-residences-cheras-connaught-for-sale-by-jolene-lim-39691392,Cheras,"207, Jalan Sarjana, Taman Connaught, 56000 Kuala Lumpur, Wilayah Persekutuan Kuala Lumpur, Malaysia",3.0823478,101.7344034
39725922,Park Residences @ Pavilion Bukit Jalil,"Bukit Jalil Condo For Sale, Bukit Jalil, Kuala Lumpur",590000,4 ,3 ,1600,368.75,,Freehold,Condominium,https://www.propertyguru.com.my/property-listing/park-residences-pavilion-bukit-jalil-for-sale-by-jolene-lim-39725922,Bukit Jalil,"2, Persiaran Jalil 8, Bukit Jalil, 57000 Kuala Lumpur, Wilayah Persekutuan Kuala Lumpur, Malaysia",3.0502354,101.670963
38266412,Agile Mont Kiara,"Agile Mont Kiara,Jalan Duta Kiara, Dutamas, Mont Kiara, Kuala Lumpur",1200000,3 ,3 ,1377,871.46,2019,Freehold,Condominium,https://www.propertyguru.com.my/property-listing/agile-mont-kiara-for-sale-by-sy-yap-38266412,Mont Kiara,"Residensi Duta Kiara, Jln Duta Hartamas, Dutamas, 50480 Kuala Lumpur, Federal Territory of Kuala Lumpur, Malaysia",3.1720468,101.6624485
38112901,"The Ritz-Carlton Residences, Kuala Lumpur","Laman Sentral Berjaya, No. 105 Jalan Ampang, Jalan Sultan Ismail, KL City, Kuala Lumpur",5000000,2 ,3 ,1938,"2,579.98",2017,Freehold,Condominium,https://www.propertyguru.com.my/property-listing/the-ritz-carlton-residences-kuala-lumpur-for-sale-by-joe-zhang-38112901,KL City,"105, Jalan Ampang, Laman Sentral Berjaya, 50450 Kuala Lumpur, Wilayah Persekutuan Kuala Lumpur, Malaysia",3.1565509,101.7057727
39377694,The ERA @ Duta North,"No.208, Jalan Segambut, Segambut, Kuala Lumpur",702440,3 ,2 ,1033,680.00,2022,Freehold,Service Residence,https://www.propertyguru.com.my/property-listing/the-era-duta-north-for-sale-by-renee-chin-39377694,Segambut,"208, Jalan Segambut, Kawasan Perusahaan Segambut, 51200 Kuala Lumpur, Wilayah Persekutuan Kuala Lumpur, Malaysia",3.182661,101.6743136
39279409,Arunya @ KL North,"Jalan 11/32, Pudu, Kuala Lumpur",660000,3 ,2 ,1184,557.43,2024,Leasehold,Apartment,https://www.propertyguru.com.my/property-listing/arunya-kl-north-for-sale-by-renee-chin-39279409,Pudu,"Pintasan Segambut, Jinjang Selatan Tambahan, 52100 Wilayah Persekutan, Wilayah Persekutuan Kuala Lumpur, Malaysia",3.2034381,101.6580877
38450816,The Park 2 @ Pavilion Bukit Jalil,"Bukit Jalil City, Jalan Persiaran Jalil 3, Bukit Jalil, Kuala Lumpur",880000,3 ,2 ,933,943.19,2021,Freehold,Service Residence,https://www.propertyguru.com.my/property-listing/the-park-2-pavilion-bukit-jalil-for-sale-by-catherine-lum-38450816,Bukit Jalil,"Residensi Park2, Persiaran Jalil Utama, Bukit Jalil, 57000 Kuala Lumpur, Federal Territory of Kuala Lumpur, Malaysia",3.0510785,101.6734615
38440528,The Tropika Bukit Jalil,"Jalan Jalil Perkasa 7, Bukit Jalil, Kuala Lumpur",850000,3 ,3 ,974,872.69,2023,Freehold,Service Residence,https://www.propertyguru.com.my/property-listing/the-tropika-bukit-jalil-for-sale-by-catherine-lum-38440528,Bukit Jalil,"Jalan Jalil Perkasa 7, Bukit Jalil, 57000 Kuala Lumpur, Wilayah Persekutuan Kuala Lumpur, Malaysia",3.0599045,101.6793837
38661255,Forest In City!! ! Brand New Ampang Hill Residential Super Low Density Condo Start From 1300sqft!!!,"City Centre, Ampang Hilir, Kuala Lumpur",750000,3 ,3 ,1300,576.92,,,Condominium,https://www.propertyguru.com.my/property-listing/forest-in-city-brand-new-ampang-hill-residential-super-low-density-condo-start-from-1300sqft-for-sale-by-catherine-lum-38661255,Ampang Hilir,"Ampang Hilir, Kuala Lumpur, Wilayah Persekutuan Kuala Lumpur, Malaysia",3.1539877,101.7445541
38772291,Near KLCC !!! Forest In City !!! Greenery Super Low Density Condo Only 150 Unit !!!@Ampang Hill Top,"Jalan Ampang, KL City, Kuala Lumpur",830000,4 ,4 ,1500,553.33,,,Condominium,https://www.propertyguru.com.my/property-listing/near-klcc-forest-in-city-greenery-super-low-density-condo-only-150-unit-ampang-hill-top-for-sale-by-catherine-lum-38772291,KL City,"Kuala Lumpur, Federal Territory of Kuala Lumpur, Malaysia",3.1319197,101.6840589
39461243,Solasta Dutamas,"Lot 4753 Jalan Persiaran Dutamas, Sri Hartamas, Kuala Lumpur",500000,2 ,2 ,720,694.44,2024,Freehold,Service Residence,https://www.propertyguru.com.my/property-listing/solasta-dutamas-for-sale-by-coco-39461243,Sri Hartamas,"Persiaran Dutamas, Dutamas, 51200 Kuala Lumpur, Wilayah Persekutuan Kuala Lumpur, Malaysia",3.1831167,101.6640888
35613942,The Legacy OUG,"Taman OUG, Kuchai Lama, Kuala Lumpur",1114470,5 ,4 ,1770,629.64,2023,Freehold,Condominium,https://www.propertyguru.com.my/property-listing/the-legacy-oug-for-sale-by-carol-soong-35613942,Kuchai Lama,"Jalan Gembira, Taman Overseas Union, 58200 Kuala Lumpur, Wilayah Persekutuan Kuala Lumpur, Malaysia",3.0797146,101.6719265
39299421,The ERA @ Duta North,"No.208, Jalan Segambut, Segambut, Kuala Lumpur",780000,3 ,2 ,1033,755.08,2022,Freehold,Service Residence,https://www.propertyguru.com.my/property-listing/the-era-duta-north-for-sale-by-carol-soong-39299421,Segambut,"208, Jalan Segambut, Kawasan Perusahaan Segambut, 51200 Kuala Lumpur, Wilayah Persekutuan Kuala Lumpur, Malaysia",3.182661,101.6743136
39299371,The ERA @ Duta North,"No.208, Jalan Segambut, Segambut, Kuala Lumpur",670000,3 ,2 ,882,759.64,2022,Freehold,Service Residence,https://www.propertyguru.com.my/property-listing/the-era-duta-north-for-sale-by-carol-soong-39299371,Segambut,"208, Jalan Segambut, Kawasan Perusahaan Segambut, 51200 Kuala Lumpur, Wilayah Persekutuan Kuala Lumpur, Malaysia",3.182661,101.6743136
39298026,Ready Move In Complete Condo Project | 28% Below Market Price High ROI | 5 Min to Bkt Bintang & KLCC,"Jalan Kiara, Mont Kiara, Kuala Lumpur",547680,3 ,2 ,1037,528.14,2023,,Condominium,https://www.propertyguru.com.my/property-listing/ready-move-in-complete-condo-project-28-below-market-price-high-roi-5-min-to-bkt-bintang-klcc-for-sale-by-claire-tan-39298026,Mont Kiara,"Jalan Kiara, Mont Kiara, 50480 Kuala Lumpur, Wilayah Persekutuan Kuala Lumpur, Malaysia",3.1696743,101.6529863
35825514,99 Legend @ KL North,"JL99 Group Sales Gallery PT 27247, Jalan Seri Utara 1, Taman Wahyu, KL City, Kuala Lumpur",468000,2 ,2 ,735,636.73,,Leasehold,Service Residence,https://www.propertyguru.com.my/property-listing/99-legend-kl-north-for-sale-by-carol-soong-35825514,KL City,"Jalan Seri Utara 1, Sri Utara Business Park, 68100 Kuala Lumpur, Wilayah Persekutuan Kuala Lumpur, Malaysia",3.2251434,101.6714127
33709911,Arunya @ KL North,"Jalan 11/32, Pudu, Kuala Lumpur",720000,3 ,2 ,1184,608.11,2024,Leasehold,Duplex,https://www.propertyguru.com.my/property-listing/arunya-kl-north-for-sale-by-carol-soong-33709911,Pudu,"Pintasan Segambut, Jinjang Selatan Tambahan, 52100 Wilayah Persekutan, Wilayah Persekutuan Kuala Lumpur, Malaysia",3.2034381,101.6580877
33709627,Arunya @ KL North,"Jalan 11/32, Pudu, Kuala Lumpur",530000,2 ,2 ,840,630.95,2024,Leasehold,Duplex,https://www.propertyguru.com.my/property-listing/arunya-kl-north-for-sale-by-carol-soong-33709627,Pudu,"Pintasan Segambut, Jinjang Selatan Tambahan, 52100 Wilayah Persekutan, Wilayah Persekutuan Kuala Lumpur, Malaysia",3.2034381,101.6580877
32001453,M Luna,"Residensi M Luna, No 888, Jalan Lingkaran Tengah 2, Kepong, Kuala Lumpur",510000,4 ,3 ,1000,510.00,2024,Leasehold,Apartment,https://www.propertyguru.com.my/property-listing/m-luna-for-sale-by-carol-soong-32001453,Kepong,"no 888, Jln Lingkaran Tengah 2, 53100 Kuala Lumpur, Wilayah Persekutuan Kuala Lumpur, Malaysia",3.2288862,101.6513643
32001424,M Luna,"Residensi M Luna, No 888, Jalan Lingkaran Tengah 2, Kepong, Kuala Lumpur",426000,3 ,2 ,850,501.18,2024,Leasehold,Apartment,https://www.propertyguru.com.my/property-listing/m-luna-for-sale-by-carol-soong-32001424,Kepong,"no 888, Jln Lingkaran Tengah 2, 53100 Kuala Lumpur, Wilayah Persekutuan Kuala Lumpur, Malaysia",3.2288862,101.6513643
32001372,M Luna,"Residensi M Luna, No 888, Jalan Lingkaran Tengah 2, Kepong, Kuala Lumpur",320000,2 ,2 ,700,457.14,2024,Leasehold,Apartment,https://www.propertyguru.com.my/property-listing/m-luna-for-sale-by-carol-soong-32001372,Kepong,"no 888, Jln Lingkaran Tengah 2, 53100 Kuala Lumpur, Wilayah Persekutuan Kuala Lumpur, Malaysia",3.2288862,101.6513643
35825625,99 Legend @ KL North,"JL99 Group Sales Gallery PT 27247, Jalan Seri Utara 1, Taman Wahyu, KL City, Kuala Lumpur",642800,4 ,3 ,1050,612.19,,Leasehold,Service Residence,https://www.propertyguru.com.my/property-listing/99-legend-kl-north-for-sale-by-carol-soong-35825625,KL City,"Jalan Seri Utara 1, Sri Utara Business Park, 68100 Kuala Lumpur, Wilayah Persekutuan Kuala Lumpur, Malaysia",3.2251434,101.6714127
35613902,The Legacy OUG,"Taman OUG, Kuchai Lama, Kuala Lumpur",699120,3 ,2 ,1050,665.83,2023,Freehold,Condominium,https://www.propertyguru.com.my/property-listing/the-legacy-oug-for-sale-by-carol-soong-35613902,Kuchai Lama,"Jalan Gembira, Taman Overseas Union, 58200 Kuala Lumpur, Wilayah Persekutuan Kuala Lumpur, Malaysia",3.0797146,101.6719265
33709648,Arunya @ KL North,"Jalan 11/32, Pudu, Kuala Lumpur",450000,2 ,1 ,743,605.65,2024,Leasehold,Duplex,https://www.propertyguru.com.my/property-listing/arunya-kl-north-for-sale-by-carol-soong-33709648,Pudu,"Pintasan Segambut, Jinjang Selatan Tambahan, 52100 Wilayah Persekutan, Wilayah Persekutuan Kuala Lumpur, Malaysia",3.2034381,101.6580877
35825649,99 Legend @ KL North,"JL99 Group Sales Gallery PT 27247, Jalan Seri Utara 1, Taman Wahyu, KL City, Kuala Lumpur",702000,3 ,3 ,1152,609.38,,Leasehold,Service Residence,https://www.propertyguru.com.my/property-listing/99-legend-kl-north-for-sale-by-carol-soong-35825649,KL City,"Jalan Seri Utara 1, Sri Utara Business Park, 68100 Kuala Lumpur, Wilayah Persekutuan Kuala Lumpur, Malaysia",3.2251434,101.6714127
32003293,Damansara Seresta,"Persiaran Meranti, Bandar Sri Menjalara, Bandar Menjalara, Kuala Lumpur",1050000,3 ,2 ,1291,813.32,2022,Freehold,Condominium,https://www.propertyguru.com.my/property-listing/damansara-seresta-for-sale-by-carol-soong-32003293,Bandar Menjalara,"Persiaran Meranti, Bandar Sri Damansara, 52200 Kuala Lumpur, Wilayah Persekutuan Kuala Lumpur, Malaysia",3.1821714,101.613097
32002034,99 Residence KL North,"KL North, JL Legacity, KL City, Kuala Lumpur",550000,3 ,2 ,1080,509.26,2023,Leasehold,Service Residence,https://www.propertyguru.com.my/property-listing/99-residence-kl-north-for-sale-by-carol-soong-32002034,KL City,"Kuala Lumpur, Federal Territory of Kuala Lumpur, Malaysia",3.1499222,101.6944619
35613920,The Legacy OUG,"Taman OUG, Kuchai Lama, Kuala Lumpur",907020,4 ,4 ,1390,652.53,2023,Freehold,Condominium,https://www.propertyguru.com.my/property-listing/the-legacy-oug-for-sale-by-carol-soong-35613920,Kuchai Lama,"Jalan Gembira, Taman Overseas Union, 58200 Kuala Lumpur, Wilayah Persekutuan Kuala Lumpur, Malaysia",3.0797146,101.6719265
35613912,The Legacy OUG,"Taman OUG, Kuchai Lama, Kuala Lumpur",761220,3 ,2 ,1135,670.68,2023,Freehold,Condominium,https://www.propertyguru.com.my/property-listing/the-legacy-oug-for-sale-by-carol-soong-35613912,Kuchai Lama,"Jalan Gembira, Taman Overseas Union, 58200 Kuala Lumpur, Wilayah Persekutuan Kuala Lumpur, Malaysia",3.0797146,101.6719265
32003468,Damansara Seresta,"Persiaran Meranti, Bandar Sri Menjalara, Bandar Menjalara, Kuala Lumpur",1365000,4 ,3 ,1765,773.37,2022,Freehold,Condominium,https://www.propertyguru.com.my/property-listing/damansara-seresta-for-sale-by-carol-soong-32003468,Bandar Menjalara,"Persiaran Meranti, Bandar Sri Damansara, 52200 Kuala Lumpur, Wilayah Persekutuan Kuala Lumpur, Malaysia",3.1821714,101.613097
32003423,Damansara Seresta,"Persiaran Meranti, Bandar Sri Menjalara, Bandar Menjalara, Kuala Lumpur",1147000,4 ,3 ,1475,777.63,2022,Freehold,Condominium,https://www.propertyguru.com.my/property-listing/damansara-seresta-for-sale-by-carol-soong-32003423,Bandar Menjalara,"Persiaran Meranti, Bandar Sri Damansara, 52200 Kuala Lumpur, Wilayah Persekutuan Kuala Lumpur, Malaysia",3.1821714,101.613097
35613929,The Legacy OUG,"Taman OUG, Kuchai Lama, Kuala Lumpur",1015920,5 ,4 ,1750,580.53,2023,Freehold,Condominium,https://www.propertyguru.com.my/property-listing/the-legacy-oug-for-sale-by-carol-soong-35613929,Kuchai Lama,"Jalan Gembira, Taman Overseas Union, 58200 Kuala Lumpur, Wilayah Persekutuan Kuala Lumpur, Malaysia",3.0797146,101.6719265
39670118,Scenaria @ North Kiara Hills,"Jalan 6/38a Off Jalan Segambut, Taman Sri Sinar, Segambut, Segambut, Kuala Lumpur",610000,3 ,2 ,1019,598.63,2015,Freehold,Condominium,https://www.propertyguru.com.my/property-listing/scenaria-north-kiara-hills-for-sale-by-jack-yap-39670118,Segambut,"Laman Scenaria Kiara, No.6, Jalan 6/38a, Taman Sri Sinar, 51200 Kuala Lumpur, Wilayah Persekutuan Kuala Lumpur, Malaysia",3.1824496,101.6504491
39678244,Legend Height,"Jalan Udang Siar, KL City, Kuala Lumpur",543000,3 ,2 ,1050,517.14,,Leasehold,Condominium,https://www.propertyguru.com.my/property-listing/legend-height-for-sale-by-jack-yap-39678244,KL City,"Jalan Udang Siar, Taman Sri Segambut, 52000 Kuala Lumpur, Wilayah Persekutuan Kuala Lumpur, Malaysia",3.1965482,101.6551022
39678522,The Henge Kepong,"The Henge Jalan Metro Perdana Barat, Taman Usahawan Kepong, Kepong, Kuala Lumpur",475000,3 ,2 ,1100,431.82,2019,Leasehold,Condominium,https://www.propertyguru.com.my/property-listing/the-henge-kepong-for-sale-by-jack-yap-39678522,Kepong,"Jalan Metro Perdana Barat Taman Metropolitan, Kepong, 52100 Kuala Lumpur, Wilayah Persekutuan Kuala Lumpur, Malaysia",3.2208777,101.6410867
35825602,99 Legend @ KL North,"JL99 Group Sales Gallery PT 27247, Jalan Seri Utara 1, Taman Wahyu, KL City, Kuala Lumpur",520000,3 ,2 ,880,590.91,,Leasehold,Service Residence,https://www.propertyguru.com.my/property-listing/99-legend-kl-north-for-sale-by-carol-soong-35825602,KL City,"Jalan Seri Utara 1, Sri Utara Business Park, 68100 Kuala Lumpur, Wilayah Persekutuan Kuala Lumpur, Malaysia",3.2251434,101.6714127
32000947,Lake City @ KL North,"Taman Wahyu, Kepong, Kuala Lumpur",986000,4 ,3 ,1625,606.77,2024,Leasehold,Service Residence,https://www.propertyguru.com.my/property-listing/lake-city-kl-north-for-sale-by-carol-soong-32000947,Kepong,"Jalan Sibu, Taman Wahyu, 68100 Batu Caves, Selangor, Malaysia",3.2149873,101.669291
32000592,Lake City @ KL North,"Taman Wahyu, Kepong, Kuala Lumpur",496000,3 ,2 ,943,525.98,2024,Leasehold,Service Residence,https://www.propertyguru.com.my/property-listing/lake-city-kl-north-for-sale-by-carol-soong-32000592,Kepong,"Jalan Sibu, Taman Wahyu, 68100 Batu Caves, Selangor, Malaysia",3.2149873,101.669291
39778531,One KL,"6 Jalan Pinang, KLCC, KL City, Kuala Lumpur",3450000,3 ,4 ,3285,"1,050.23",2009,Freehold,Condominium,https://www.propertyguru.com.my/property-listing/one-kl-for-sale-by-armand-maulana-39778531,KL City,"6, Jalan Pinang, Kuala Lumpur City Centre, 50088 Kuala Lumpur, Wilayah Persekutuan Kuala Lumpur, Malaysia",3.1559175,101.7107485
36919227,East Parc @ Menjalara,"East Parc Jalan 7a/62a, Bandar Menjalara, Kuala Lumpur",750000,3 ,2 ,1160,646.55,2020,Leasehold,Service Residence,https://www.propertyguru.com.my/property-listing/east-parc-menjalara-for-sale-by-raymond-koh-36919227,Bandar Menjalara,"Bandar Menjalara, 52200 Kuala Lumpur, Federal Territory of Kuala Lumpur, Malaysia",3.1948567,101.6348722
38414094,East Parc @ Menjalara,"East Parc Jalan 7a/62a, Bandar Menjalara, Kuala Lumpur",750000,3 ,3 ,1236,606.80,2020,Leasehold,Condominium,https://www.propertyguru.com.my/property-listing/east-parc-menjalara-for-sale-by-raymond-koh-38414094,Bandar Menjalara,"Bandar Menjalara, 52200 Kuala Lumpur, Federal Territory of Kuala Lumpur, Malaysia",3.1948567,101.6348722
38585862,East Parc @ Menjalara,"East Parc Jalan 7a/62a, Bandar Menjalara, Kuala Lumpur",880000,4 ,3 ,1522,578.19,2020,Leasehold,Condominium,https://www.propertyguru.com.my/property-listing/east-parc-menjalara-for-sale-by-raymond-koh-38585862,Bandar Menjalara,"Bandar Menjalara, 52200 Kuala Lumpur, Federal Territory of Kuala Lumpur, Malaysia",3.1948567,101.6348722
39759711,New Launch LRT Forest Condo With Extra 25% Rebate [Freehold] @ Midvalley Mall,"Pantai Dalam, Bangsar South, Kuala Lumpur",499999,3 ,2 ,1100,454.54,,Freehold,Condominium,https://www.propertyguru.com.my/property-listing/new-launch-lrt-forest-condo-with-extra-25-rebate-freehold-midvalley-mall-for-sale-by-evelyn-goh-39759711,Bangsar South,"Lingkaran Syed Putra, Mid Valley City, 59200 Kuala Lumpur, Wilayah Persekutuan Kuala Lumpur, Malaysia",3.1175628,101.6774073
39759765,Midvalley [Sky Facilities] Forest Condo Near LRT Freehold @ Cashback 80K,"Pantai Dalam, Bangsar South, Kuala Lumpur",507000,3 ,2 ,1100,460.91,,Freehold,Condominium,https://www.propertyguru.com.my/property-listing/midvalley-sky-facilities-forest-condo-near-lrt-freehold-cashback-80k-for-sale-by-evelyn-goh-39759765,Bangsar South,"Bangsar South, 59200 Kuala Lumpur, Federal Territory of Kuala Lumpur, Malaysia",3.1106019,101.6662729
37706417,Solaris Dutamas Designer Suites,"- Jalan Dutamas 1, Kuala Lumpur, Mont Kiara, Kuala Lumpur",900000,2 ,2 ,1236,728.16,2009,Freehold,Condominium,https://www.propertyguru.com.my/property-listing/solaris-dutamas-designer-suites-for-sale-by-jenny-ong-37706417,Mont Kiara,"Jln Dutamas 1, Mont Kiara, 50480 Kuala Lumpur, Wilayah Persekutuan Kuala Lumpur, Malaysia",3.1701366,101.6672175
39778256,Saville @ Jalan Klang Lama,"128 Jalan Klang Lama, Old Klang Road (Jalan Klang Lama), Kuala Lumpur",511000,4 ,3 ,1238,412.76,2009,Freehold,Condominium,https://www.propertyguru.com.my/property-listing/saville-jalan-klang-lama-for-sale-by-allan-aw-39778256,Desa Pandan,"Jln Klang Lama, 58100 Kuala Lumpur, Wilayah Persekutuan Kuala Lumpur, Malaysia",3.1088738,101.6780994
39777369,The Vyne,"Jaln 2/108d Off Lebuhraya Sungai Besi, Taman Sungai Besi, Sungai Besi, Kuala Lumpur",590000,3 ,2 ,1106,533.45,2017,Leasehold,Condominium,https://www.propertyguru.com.my/property-listing/the-vyne-for-sale-by-chloe-wai-39777369,Sungai Besi,"Lebuhraya Sungai Besi, Kampung Malaysia Raya, 57100 Kuala Lumpur, Wilayah Persekutuan Kuala Lumpur, Malaysia",3.090918,101.6984205
39777403,The Z Residence,"Jalan 5/155, Taman Industri Bukit OUG, Bukit Jalil, Bukit Jalil, Kuala Lumpur",688000,3 ,2 ,1236,556.63,2014,Freehold,Condominium,https://www.propertyguru.com.my/property-listing/the-z-residence-for-sale-by-chloe-wai-39777403,Bukit Jalil,"5, Jalan Jalil Perwira 2, Bukit Jalil, 58200 Kuala Lumpur, Wilayah Persekutuan Kuala Lumpur, Malaysia",3.0644798,101.6658819
39109945,Sg Besi,"Taman Desa Tasek, Bandar Tasik Selatan, Kuala Lumpur",360000,2 ,2 ,800,450.00,,,Condominium,https://www.propertyguru.com.my/property-listing/sg-besi-for-sale-by-anna-chong-39109945,Taman Desa,"Taman Desa Tasek, 57000 Kuala Lumpur, Wilayah Persekutuan Kuala Lumpur, Malaysia",3.0695157,101.714658
39778100,"ARIA Luxury Residence, KLCC","- Jalan Tun Razak, Kuala Lumpur Kuala Lumpur, KLCC, KL City, Kuala Lumpur",2150000,3 ,3 ,1502,"1,431.42",2019,Freehold,Service Residence,https://www.propertyguru.com.my/property-listing/aria-luxury-residence-klcc-for-sale-by-damon-lee-39778100,KL City,"213, Jln Tun Razak, Kuala Lumpur, 50450 Kuala Lumpur, Wilayah Persekutuan Kuala Lumpur, Malaysia",3.1538913,101.7221658
39777849,"Victory Suites (The Face 2), KLCC","Jalan Sultan Ismail, KL City, Kuala Lumpur",1150000,1 ,1 ,560,"2,053.57",,Freehold,Service Residence,https://www.propertyguru.com.my/property-listing/victory-suites-the-face-2-klcc-for-sale-by-yk-pang-39777849,KL City,"1020, Jln Sultan Ismail, Kampung Baru, 50300 Kuala Lumpur, Wilayah Persekutuan Kuala Lumpur, Malaysia",3.1583583,101.7044889
39777938,"Victory Suites (The Face 2), KLCC","Jalan Sultan Ismail, KL City, Kuala Lumpur",2000000,2 ,2 ,1185,"1,687.76",,Freehold,Service Residence,https://www.propertyguru.com.my/property-listing/victory-suites-the-face-2-klcc-for-sale-by-yk-pang-39777938,KL City,"1020, Jln Sultan Ismail, Kampung Baru, 50300 Kuala Lumpur, Wilayah Persekutuan Kuala Lumpur, Malaysia",3.1583583,101.7044889
39777992,"Victory Suites (The Face 2), KLCC","Jalan Sultan Ismail, KL City, Kuala Lumpur",2950000,3 ,3 ,1625,"1,815.38",,Freehold,Service Residence,https://www.propertyguru.com.my/property-listing/victory-suites-the-face-2-klcc-for-sale-by-yk-pang-39777992,KL City,"1020, Jln Sultan Ismail, Kampung Baru, 50300 Kuala Lumpur, Wilayah Persekutuan Kuala Lumpur, Malaysia",3.1583583,101.7044889
39528616,Bukit Bintang,"Jalan Sultan Ismail, Bukit Bintang, KL City, Kuala Lumpur",999999,2 ,2 ,678,"1,474.92",,Leasehold,Condominium,https://www.propertyguru.com.my/property-listing/bukit-bintang-for-sale-by-chloe-lai-39528616,KL City,"Jln Sultan Ismail, Bukit Bintang, Kuala Lumpur, Wilayah Persekutuan Kuala Lumpur, Malaysia",3.1471987,101.7111651
39528692,Bukit Bintang,"Jalan Sultan Ismail, Bukit Bintang, KL City, Kuala Lumpur",900000,2 ,1 ,495,"1,818.18",,Leasehold,Condominium,https://www.propertyguru.com.my/property-listing/bukit-bintang-for-sale-by-chloe-lai-39528692,KL City,"Jln Sultan Ismail, Bukit Bintang, Kuala Lumpur, Wilayah Persekutuan Kuala Lumpur, Malaysia",3.1471987,101.7111651
39527492,SUNGAI WANG,"Bukit Bintang, KL City, Kuala Lumpur",900000,2 ,1 ,495,"1,818.18",,Leasehold,Condominium,https://www.propertyguru.com.my/property-listing/sungai-wang-for-sale-by-chloe-lai-39527492,KL City,"Jln Sultan Ismail, Bukit Bintang, 55100 Kuala Lumpur, Wilayah Persekutuan Kuala Lumpur, Malaysia",3.1451126,101.7114909
39527459,SUNGAI WANG,"Bukit Bintang, KL City, Kuala Lumpur",999999,2 ,2 ,678,"1,474.92",,Leasehold,Condominium,https://www.propertyguru.com.my/property-listing/sungai-wang-for-sale-by-chloe-lai-39527459,KL City,"Jln Sultan Ismail, Bukit Bintang, 55100 Kuala Lumpur, Wilayah Persekutuan Kuala Lumpur, Malaysia",3.1451126,101.7114909
39775911,The Katana Residences,"20 Jalan Madge, Taman U-Thant, KL City, Kuala Lumpur",2600000,6 ,6 ,3800,684.21,2008,Freehold,Condominium,https://www.propertyguru.com.my/property-listing/the-katana-residences-for-sale-by-terence-wang-39775911,KL City,"20, Jalan Madge, Taman U Thant, 55000 Kuala Lumpur, Wilayah Persekutuan Kuala Lumpur, Malaysia",3.158012,101.7286268
39548736,Damansara Livista,"Bandar Sri Damansara, Damansara Heights, Kuala Lumpur",680000,3 ,2 ,1035,657.00,,Freehold,Service Residence,https://www.propertyguru.com.my/property-listing/damansara-livista-for-sale-by-austin-lim-39548736,Damansara,"Jalan, Persiaran Perdana, Bandar Sri Damansara, 52200 Kuala Lumpur, Wilayah Persekutuan Kuala Lumpur, Malaysia",3.1978163,101.6131406
39595071,Petaling Jaya Bangsar South Ready Move In Condo【Free Furnish + High Value Cashback】,"Kerinchi, Bangsar South, Kuala Lumpur",480000,4 ,3 ,1216,394.74,2023,Freehold,Condominium,https://www.propertyguru.com.my/property-listing/petaling-jaya-bangsar-south-ready-move-in-condo-free-furnish-high-value-cashback-for-sale-by-jeslyn-39595071,Bangsar South,"8, Avenue 5, The Horizon, 59200 Kuala Lumpur, Wilayah Persekutuan Kuala Lumpur, Malaysia",3.1109305,101.6666748
39558607,Bukit Jalil [3R2B]1000 sqft Market Rm600k Now Selling Rm450k Condo (Free 1 year Instalment),"Technology Park Malaysia, Bukit Jalil, Kuala Lumpur",450000,3 ,2 ,1000,450.00,,Freehold,Condominium,https://www.propertyguru.com.my/property-listing/bukit-jalil-3r2b-1000-sqft-market-rm600k-now-selling-rm450k-condo-free-1-year-instalment-for-sale-by-charlotte-39558607,Bukit Jalil,"Technology Park Malaysia, 57000 Kuala Lumpur, Federal Territory of Kuala Lumpur, Malaysia",3.047042,101.6869835
39650656,"Green View Apartment, Green View Apartment","Kepong, Kuala Lumpur",240000,3 ,2 ,800,300.00,,Leasehold,Apartment,https://www.propertyguru.com.my/property-listing/green-view-apartment-green-view-apartment-for-sale-by-yt-phang-39650656,Kepong,"Green View Apartment, Taman Pusat Kepong, 52000 Kuala Lumpur, Wilayah Persekutuan Kuala Lumpur, Malaysia",3.2029635,101.6567142
39361016,"Pangsapuri Sri Jinjang, Pangsapuri Sri Jinjang, Pangsapuri Sri Jinjang","Jinjang, Kepong, Kuala Lumpur",320000,3 ,2 ,862,371.23,,Leasehold,Apartment,https://www.propertyguru.com.my/property-listing/pangsapuri-sri-jinjang-pangsapuri-sri-jinjang-pangsapuri-sri-jinjang-for-sale-by-yt-phang-39361016,Kepong,"Jalan 19/32, Taman Jinjang Baru, 52000 Kuala Lumpur, Wilayah Persekutuan Kuala Lumpur, Malaysia",3.20268,101.6594791
37931678,"RM299k Get 3 Rooms 1000sf, Monthly RM1500【0% Downpayment Free All Legal Fee】puchong","Puchong, Kuala Lumpur",299000,3 ,3 ,1000,299.00,,Freehold,Condominium,https://www.propertyguru.com.my/property-listing/rm299k-get-3-rooms-1000sf-monthly-rm1500-0-downpayment-free-all-legal-fee-puchong-for-sale-by-kelly-37931678,Puchong,"Lebuhraya Kuala Lumpur - Putrajaya, Puchong, Selangor, Malaysia",2.9685272,101.6622712
39562309,Sungai Besi 3xxk 904sqft Freehold Ready Move In Condo【Free Furnish + High Value Cashback】,"Sungai Besi, Kuala Lumpur",369000,3 ,2 ,904,408.19,2023,Freehold,Condominium,https://www.propertyguru.com.my/property-listing/sungai-besi-3xxk-904sqft-freehold-ready-move-in-condo-free-furnish-high-value-cashback-for-sale-by-may-39562309,Sungai Besi,"Sungai Besi, Kuala Lumpur, Federal Territory of Kuala Lumpur, Malaysia",3.057444,101.71787
39391462,Bukit Jalil 399k 1000Sqft Ready Move In Fully Furnished,"Bukit Jalil, Kuala Lumpur",388888,4 ,3 ,1216,319.81,2023,Freehold,Condominium,https://www.propertyguru.com.my/property-listing/bukit-jalil-399k-1000sqft-ready-move-in-fully-furnished-for-sale-by-may-39391462,Bukit Jalil,"Bukit Jalil, 57000 Kuala Lumpur, Federal Territory of Kuala Lumpur, Malaysia",3.0586745,101.6917068
39565496,Mont Kiara Solaris Dutamas 399k Freehold Ready Move In Condo【Free Furnish + High Value Cashback】,"Solaris Dutamas, Mont Kiara, Kuala Lumpur",399000,4 ,3 ,1216,328.12,2023,Freehold,Condominium,https://www.propertyguru.com.my/property-listing/mont-kiara-solaris-dutamas-399k-freehold-ready-move-in-condo-free-furnish-high-value-cashback-for-sale-by-may-39565496,Mont Kiara,"Solaris Dutamas, Jln Dutamas 1, Mont Kiara, 50480 Kuala Lumpur, Wilayah Persekutuan, Malaysia",3.1706338,101.6663083
36295821,Perdana Puri,"Jalan Puri, Desa Aman Puri, Kepong (Sri Damansara SD1 to SD5), Kepong, Kuala Lumpur",360000,3 ,2 ,904,398.23,,Freehold,Apartment,https://www.propertyguru.com.my/property-listing/perdana-puri-for-sale-by-yt-phang-36295821,Kepong,"Kepong, 52100 Kuala Lumpur, Federal Territory of Kuala Lumpur, Malaysia",3.213966,101.6355931
38578939,500k 3Rooms3Baths Freehold Condo @ Kuala Lumpur 【Furnished//HighCashbacks//Rebates】,"Bandar Sri Permaisuri, Cheras, Kuala Lumpur",500000,3 ,3 ,1000,500.00,2024,Freehold,Condominium,https://www.propertyguru.com.my/property-listing/500k-3rooms3baths-freehold-condo-kuala-lumpur-furnished-highcashbacks-rebates-for-sale-by-summer-goh-38578939,Cheras,"Cheras, 56000 Kuala Lumpur, Federal Territory of Kuala Lumpur, Malaysia",3.1068447,101.7259197
39735647,D'Ivo Residence,"Old Klang Road (Kuchai Lama), Kuchai Lama, Kuala Lumpur",600000,3 ,2 ,892,672.65,,Leasehold,Condominium,https://www.propertyguru.com.my/property-listing/d-ivo-residence-for-sale-by-chloe-lai-39735647,Kuchai Lama,"Jln Klang Lama, Kuala Lumpur, Wilayah Persekutuan Kuala Lumpur, Malaysia",3.0980711,101.6758665
39735789,D'Ivo Residence,"Old Klang Road (Kuchai Lama), Kuchai Lama, Kuala Lumpur",680000,4 ,2 ,1083,627.89,,Leasehold,Condominium,https://www.propertyguru.com.my/property-listing/d-ivo-residence-for-sale-by-chloe-lai-39735789,Kuchai Lama,"Jln Klang Lama, Kuala Lumpur, Wilayah Persekutuan Kuala Lumpur, Malaysia",3.0980711,101.6758665
38630181,Pavilion Mont' Kiara,"Changkat Duta Kiara, Mont Kiara, Kuala Lumpur",3018000,4 ,6 ,2928,"1,030.74",2027,Freehold,Condominium,https://www.propertyguru.com.my/property-listing/pavilion-mont-kiara-for-sale-by-phoebe-law-38630181,Mont Kiara,"Changkat Duta Kiara, Mont Kiara, 50480 Kuala Lumpur, Wilayah Persekutuan Kuala Lumpur, Malaysia",3.170047,101.6580906
39576084,PRE-LAUNCHED FREEHOLD in PUCHONG! 3-4 Rooms ONLY from RM430K! 15Mins to Bukit Jalil Free MOT,"Bukit Jalil, Kuala Lumpur",430000,3 ,2 ,920,467.39,2025,Freehold,Condominium,https://www.propertyguru.com.my/property-listing/pre-launched-freehold-in-puchong-3-4-rooms-only-from-rm430k-15mins-to-bukit-jalil-free-mot-for-sale-by-tony-pang-39576084,Bukit Jalil,"Bukit Jalil, 57000 Kuala Lumpur, Federal Territory of Kuala Lumpur, Malaysia",3.0586745,101.6917068
39245595,The ERA @ Duta North,"No.208, Jalan Segambut, Segambut, Kuala Lumpur",680000,3 ,2 ,1023,664.71,2022,Freehold,Service Residence,https://www.propertyguru.com.my/property-listing/the-era-duta-north-for-sale-by-jesson-lim-39245595,Segambut,"208, Jalan Segambut, Kawasan Perusahaan Segambut, 51200 Kuala Lumpur, Wilayah Persekutuan Kuala Lumpur, Malaysia",3.182661,101.6743136
39432431,Sentral Suites @ KL Sentral,"Jalan Tun Sambanthan, KL Sentral, Kuala Lumpur",1090000,3 ,3 ,1138,957.82,2022,Leasehold,Condominium,https://www.propertyguru.com.my/property-listing/sentral-suites-kl-sentral-for-sale-by-elly-tan-39432431,KL Sentral,"248, Jalan Tun Sambanthan Brickfields, Kuala Lumpur Sentral, 50400 Kuala Lumpur, Wilayah Persekutuan Kuala Lumpur, Malaysia",3.1302853,101.6851889
39547571,Solasta Dutamas,"Lot 4753 Jalan Persiaran Dutamas, Sri Hartamas, Kuala Lumpur",500000,2 ,2 ,800,625.00,2024,Freehold,Service Residence,https://www.propertyguru.com.my/property-listing/solasta-dutamas-for-sale-by-austin-lim-39547571,Sri Hartamas,"Persiaran Dutamas, Dutamas, 51200 Kuala Lumpur, Wilayah Persekutuan Kuala Lumpur, Malaysia",3.1831167,101.6640888
39776689,The Goodwood Residence,"Jalan Pantai Permai, Bangsar South, Kuala Lumpur",1150000,4 ,3 ,1184,971.28,2023,Leasehold,Service Residence,https://www.propertyguru.com.my/property-listing/the-goodwood-residence-for-sale-by-tiffany-teh-39776689,Bangsar South,"Jalan Kerinchi Kanan, Bangsar South, 59200 Wilayah Persekutuan, Wilayah Persekutuan Kuala Lumpur, Malaysia",3.1091324,101.6639071
36831641,【Solaris Mont Kiara】RM450K Cheapest Per Sqft In Mont Kiara,"Dutamas, Mont Kiara, Kuala Lumpur",480000,2 ,1 ,760,631.58,2026,,Condominium,https://www.propertyguru.com.my/property-listing/solaris-mont-kiara-rm450k-cheapest-per-sqft-in-mont-kiara-for-sale-by-zoey-wong-36831641,Mont Kiara,"Management Office @ L-B1-1, Level B1, Blok L, Jalan Solaris, Solaris Mont Kiara, 50480 Kuala Lumpur, Federal Territory of Kuala Lumpur, Malaysia",3.176374,101.6600678
39694595,SWNK Houze @ Bukit Bintang City Centre,"Bukit Bintang City Centre, Bukit Bintang, KL City, Kuala Lumpur",1000000,2 ,2 ,818,"1,222.49",,Leasehold,Service Residence,https://www.propertyguru.com.my/property-listing/swnk-houze-bukit-bintang-city-centre-for-sale-by-jason-lee-39694595,KL City,"SWNK Houze, Bukit Bintang City Centre, Jln Hang Tuah, Pudu, 55100 Kuala Lumpur, Federal Territory of Kuala Lumpur, Malaysia",3.1400819,101.7066706
39693702,Skylon Residences,"Jalan Bukit Ceylon, KL City, Kuala Lumpur",1500000,2 ,2 ,1076,"1,394.05",2025,Freehold,Service Residence,https://www.propertyguru.com.my/property-listing/skylon-residences-for-sale-by-jason-lee-39693702,KL City,"11, Changkat Raja Chulan, Bukit Bintang, 50200 Kuala Lumpur, Wilayah Persekutuan Kuala Lumpur, Malaysia",3.1487113,101.7062841
39677021,Tribeca Bukit Bintang,"Jalan Imbi Off Jalan Bukit Bintang, Bukit Bintang, KL City, Kuala Lumpur",915000,2 ,1 ,657,"1,392.69",2017,Freehold,Service Residence,https://www.propertyguru.com.my/property-listing/tribeca-bukit-bintang-for-sale-by-jason-lee-39677021,KL City,"215, Jln Imbi, Bukit Bintang, 55100 Kuala Lumpur, Wilayah Persekutuan Kuala Lumpur, Malaysia",3.1463843,101.7157033
39669060,"ARIA Luxury Residence, KLCC","- Jalan Tun Razak, Kuala Lumpur Kuala Lumpur, KLCC, KL City, Kuala Lumpur",1975000,3 ,3 ,1502,"1,314.91",2019,Freehold,Condominium,https://www.propertyguru.com.my/property-listing/aria-luxury-residence-klcc-for-sale-by-jason-lee-39669060,KL City,"213, Jln Tun Razak, Kuala Lumpur, 50450 Kuala Lumpur, Wilayah Persekutuan Kuala Lumpur, Malaysia",3.1538913,101.7221658
39298419,【NEW CONDO】 3MIN TO MALL / 5MIN TO KLCC & PAVILION / 0% DOWNPAYMENT @ MONT KIARA,"Dutamas, Mont Kiara, Kuala Lumpur",528000,3 ,2 ,1228,429.97,2023,,Condominium,https://www.propertyguru.com.my/property-listing/new-condo-3min-to-mall-5min-to-klcc-pavilion-0-downpayment-mont-kiara-for-sale-by-harry-ho-39298419,Mont Kiara,"168, Jln Bukit Bintang, Bukit Bintang, 55100 Kuala Lumpur, Wilayah Persekutuan Kuala Lumpur, Malaysia",3.1489607,101.7134125
30873944,Dorsett Residences Bukit Bintang,"Jalan Bukit Bintang, Bukit Bintang, KL City, Kuala Lumpur",1250000,2 ,2 ,891,"1,402.92",2018,Freehold,Service Residence,https://www.propertyguru.com.my/property-listing/dorsett-residences-bukit-bintang-for-sale-by-ryan-tan-30873944,KL City,"176, Jln Imbi, Imbi, 55100 Kuala Lumpur, Wilayah Persekutuan Kuala Lumpur, Malaysia",3.14744,101.7159675
36631748,Kuala Lumpur Kuala Lumpur Kuala Lumpur,"KL City, Kuala Lumpur",290000,3 ,2 ,1100,263.64,,,Condominium,https://www.propertyguru.com.my/property-listing/kuala-lumpur-kuala-lumpur-kuala-lumpur-for-sale-by-alyssa-ong-36631748,KL City,"Kuala Lumpur, Federal Territory of Kuala Lumpur, Malaysia",3.1499222,101.6944619
38102263,READY MOVE IN [ 0% Down Payment ] Walking Distance To MRT Station Free Legal Fee Mont Kiara,"Dutamas, Mont Kiara, Kuala Lumpur",442798,3 ,2 ,1228,360.58,,Freehold,Condominium,https://www.propertyguru.com.my/property-listing/ready-move-in-0-down-payment-walking-distance-to-mrt-station-free-legal-fee-mont-kiara-for-sale-by-kelvin-kon-38102263,Mont Kiara,"Jln Solaris Dutamas, 50480 Kuala Lumpur, Wilayah Persekutuan Kuala Lumpur, Malaysia",3.1718863,101.6652716
39277641,【READY MOVE IN】FULLY FURNISH + 3MIN WALK TO MALL,"Solaris Dutamas, Mont Kiara, Kuala Lumpur",400000,3 ,2 ,1108,361.01,,Freehold,Condominium,https://www.propertyguru.com.my/property-listing/ready-move-in-fully-furnish-3min-walk-to-mall-for-sale-by-harry-ho-39277641,Mont Kiara,"Solaris Dutamas, Jln Dutamas 1, Mont Kiara, 50480 Kuala Lumpur, Wilayah Persekutuan, Malaysia",3.1706338,101.6663083
39546906,ALIX Residences,"Jalan Dutamas Dahlia 5, Dutamas, North Kiara, Mont Kiara, Kuala Lumpur",1200000,3 ,3 ,1615,743.03,2024,Freehold,Condominium,https://www.propertyguru.com.my/property-listing/alix-residences-for-sale-by-austin-lim-39546906,Mont Kiara,"Jalan Dutamas Dahlia, Dutamas, 51200 Kuala Lumpur, Wilayah Persekutuan Kuala Lumpur, Malaysia",3.1783442,101.6569277
39625162,Concerto North Kiara,"Lot PT 25954 Jalan Dutamas Raya, Dutamas, Mont Kiara, Kuala Lumpur",1499000,4 ,5 ,2707,553.75,2015,Freehold,Condominium,https://www.propertyguru.com.my/property-listing/concerto-north-kiara-for-sale-by-renee-chin-39625162,Mont Kiara,"Lot PT 25954, Jalan Dutamas Raya, North Kiara, 51200 Kuala Lumpur, Federal Territory of Kuala Lumpur, Malaysia",3.1789131,101.6586272
38419217,Bukit Jalil Furnished multi facilities freehold condo desapark city 4 rooms,"Bukit Jalil, Kuala Lumpur",666000,4 ,3 ,1823,365.33,2026,Freehold,Condominium,https://www.propertyguru.com.my/property-listing/bukit-jalil-furnished-multi-facilities-freehold-condo-desapark-city-4-rooms-for-sale-by-kai-bin-38419217,Bukit Jalil,"Bukit Jalil, 57000 Kuala Lumpur, Federal Territory of Kuala Lumpur, Malaysia",3.0586745,101.6917068
39166401,KL City 3 Rooms [Fully Furnished] [0 Down Payment] [Walk to MRT] [Full Loan],"Old Klang Road (Kuchai Lama), Kuchai Lama, Kuala Lumpur",300000,3 ,2 ,1000,300.00,,Freehold,Condominium,https://www.propertyguru.com.my/property-listing/kl-city-3-rooms-fully-furnished-0-down-payment-walk-to-mrt-full-loan-for-sale-by-kai-bin-39166401,Kuchai Lama,"Kuala Lumpur, Federal Territory of Kuala Lumpur, Malaysia",3.1319197,101.6840589
39587219,Hilltop condo cheras 3 rooms 4 rooms cheaper price,"Bandar Sri Permaisuri, Cheras, Kuala Lumpur",380000,4 ,3 ,1200,316.67,,Freehold,Condominium,https://www.propertyguru.com.my/property-listing/hilltop-condo-cheras-3-rooms-4-rooms-cheaper-price-for-sale-by-kai-bin-39587219,Cheras,"Cheras, 56000 Kuala Lumpur, Federal Territory of Kuala Lumpur, Malaysia",3.1068447,101.7259197
39587217,Hilltop condo cheras 3 rooms 4 rooms cheaper price,"Bandar Sri Permaisuri, Cheras, Kuala Lumpur",380000,4 ,3 ,1200,316.67,,Freehold,Condominium,https://www.propertyguru.com.my/property-listing/hilltop-condo-cheras-3-rooms-4-rooms-cheaper-price-for-sale-by-kai-bin-39587217,Cheras,"Cheras, 56000 Kuala Lumpur, Federal Territory of Kuala Lumpur, Malaysia",3.1068447,101.7259197
39674997,Pavilion Mont' Kiara,"Changkat Duta Kiara, Mont Kiara, Kuala Lumpur",1350000,3 ,2 ,1259,"1,072.28",2027,Freehold,Condominium,https://www.propertyguru.com.my/property-listing/pavilion-mont-kiara-for-sale-by-elly-tan-39674997,Mont Kiara,"Changkat Duta Kiara, Mont Kiara, 50480 Kuala Lumpur, Wilayah Persekutuan Kuala Lumpur, Malaysia",3.170047,101.6580906
39727657,Sg Besi Duplex Sky Bungalow Condo with Big Balcony,"Sungai Besi, Kuala Lumpur",750000,4 ,2 ,1700,441.18,,,Duplex,https://www.propertyguru.com.my/property-listing/sg-besi-duplex-sky-bungalow-condo-with-big-balcony-for-sale-by-yoki-choon-39727657,Sungai Besi,"Sungai Besi, Kuala Lumpur, Federal Territory of Kuala Lumpur, Malaysia",3.057444,101.71787
38987696,Bukit Jalil Pet Friendly,"Technology Park Malaysia, Bukit Jalil, Kuala Lumpur",900000,5 ,4 ,1860,483.87,,Freehold,Condominium,https://www.propertyguru.com.my/property-listing/bukit-jalil-pet-friendly-for-sale-by-anna-chong-38987696,Bukit Jalil,"Technology Park Malaysia, 57000 Kuala Lumpur, Federal Territory of Kuala Lumpur, Malaysia",3.047042,101.6869835
39727097,Bukit Jalil Sky Bungalow Resort Condo with Big Balcony,"Bukit Jalil, Kuala Lumpur",1200000,6 ,4 ,2300,521.74,,Freehold,Condominium,https://www.propertyguru.com.my/property-listing/bukit-jalil-sky-bungalow-resort-condo-with-big-balcony-for-sale-by-anna-chong-39727097,Bukit Jalil,"Bukit Jalil, 57000 Kuala Lumpur, Federal Territory of Kuala Lumpur, Malaysia",3.0586745,101.6917068
39670182,KLCC High Rebates Property High Cash Back Project,"KLCC, KL City, Kuala Lumpur",588000,2 ,2 ,700,840.00,,,Condominium,https://www.propertyguru.com.my/property-listing/klcc-high-rebates-property-high-cash-back-project-for-sale-by-ivan-wong-39670182,KL City,"Kuala Lumpur City Centre, Kuala Lumpur, Federal Territory of Kuala Lumpur, Malaysia",3.146642,101.6958449
39775085,Icon Residence (Mont Kiara),"- Persiaran Dutamas, Mont Kiara, Kuala Lumpur",950000,2 ,3 ,1406,675.68,2015,Freehold,Condominium,https://www.propertyguru.com.my/property-listing/icon-residence-mont-kiara-for-sale-by-kent-tan-39775085,Mont Kiara,"Persiaran Dutamas, Dutamas, 50480 Kuala Lumpur, Wilayah Persekutuan Kuala Lumpur, Malaysia",3.1794001,101.6636494
39545499,BON KIARA,"Jln Kiara 3, Mont Kiara, Kuala Lumpur",1300000,4 ,4 ,2081,624.70,2027,Freehold,Condominium,https://www.propertyguru.com.my/property-listing/bon-kiara-for-sale-by-austin-lim-39545499,Mont Kiara,"Jln Kiara 3, Mont Kiara, 51200 Kuala Lumpur, Wilayah Persekutuan Kuala Lumpur, Malaysia",3.1742839,101.6502685
39622528,"【4xxK READY UNIT】0% downpayment, Cash back RM50K + FULLY FURNISHED","City Centre, Ampang Hilir, Kuala Lumpur",450000,3 ,3 ,1200,375.00,2023,Freehold,Condominium,https://www.propertyguru.com.my/property-listing/4xxk-ready-unit-0-downpayment-cash-back-rm50k-fully-furnished-for-sale-by-jane-39622528,Ampang Hilir,"Ampang Hilir, Kuala Lumpur, Wilayah Persekutuan Kuala Lumpur, Malaysia",3.1539877,101.7445541
39616068,Bangsar South Completed Condo【FREEHOLD】Rental Cover Instalment Airbnb Team - Bangsar,"Bukit Angkasa, Bangsar South, Kuala Lumpur",450000,3 ,2 ,1200,375.00,,,Condominium,https://www.propertyguru.com.my/property-listing/bangsar-south-completed-condo-freehold-rental-cover-instalment-airbnb-team-bangsar-for-sale-by-evelyn-39616068,Bangsar South,"Bangsar South, Bangsar South, 59200 Kuala Lumpur, Federal Territory of Kuala Lumpur, Malaysia",3.108924,101.667999
39616158,Mont Kiara 450K !! 【Below Market Price 30%】Completed Unit -  Mont Kiara,"Dutamas, Mont Kiara, Kuala Lumpur",450000,3 ,2 ,1200,375.00,,,Condominium,https://www.propertyguru.com.my/property-listing/mont-kiara-450k-below-market-price-30-completed-unit-mont-kiara-for-sale-by-evelyn-39616158,Mont Kiara,"Jln Solaris Dutamas, 50480 Kuala Lumpur, Wilayah Persekutuan Kuala Lumpur, Malaysia",3.1718863,101.6652716
39609389,Kuala Lumpur,"KLCC, KL City, Kuala Lumpur",399000,3 ,2 ,1200,332.50,,,Condominium,https://www.propertyguru.com.my/property-listing/kuala-lumpur-for-sale-by-evelyn-39609389,KL City,"Kuala Lumpur City Centre, Kuala Lumpur, Federal Territory of Kuala Lumpur, Malaysia",3.146642,101.6958449
38756610,The Legacy OUG,"Taman OUG, Kuchai Lama, Kuala Lumpur",745800,3 ,2 ,1050,710.29,2023,Freehold,Condominium,https://www.propertyguru.com.my/property-listing/the-legacy-oug-for-sale-by-jamie-tan-38756610,Kuchai Lama,"Jalan Gembira, Taman Overseas Union, 58200 Kuala Lumpur, Wilayah Persekutuan Kuala Lumpur, Malaysia",3.0797146,101.6719265
37995171,D-Villa Residence (Holiday Villa),"225 Jalan Ampang, Ampang Hilir, Kuala Lumpur",515000,2 ,1 ,1066,483.11,,Freehold,Service Residence,https://www.propertyguru.com.my/property-listing/d-villa-residence-holiday-villa-for-sale-by-ken-ling-kok-37995171,Ampang Hilir,"225, Jalan Ampang, Taman U Thant, 55000 Kuala Lumpur, Wilayah Persekutuan Kuala Lumpur, Malaysia",3.1598516,101.7265828
38320075,READY TO MOVE IN [ Free Fully Furnished ] Cash Back Walking Distance To MRT LRT KLCC,"KLCC, KL City, Kuala Lumpur",458679,3 ,2 ,1235,371.40,,Freehold,Condominium,https://www.propertyguru.com.my/property-listing/ready-to-move-in-free-fully-furnished-cash-back-walking-distance-to-mrt-lrt-klcc-for-sale-by-henry-lau-38320075,KL City,"KLCC LRT Station, Kuala Lumpur, 50450 Kuala Lumpur, Federal Territory of Kuala Lumpur, Malaysia",3.1589645,101.7141691
38611884,Sentral Suites @ KL Sentral,"Jalan Tun Sambanthan, KL Sentral, Kuala Lumpur",825000,2 ,2 ,858,961.54,2022,Leasehold,Condominium,https://www.propertyguru.com.my/property-listing/sentral-suites-kl-sentral-for-sale-by-raymond-ng-38611884,KL Sentral,"248, Jalan Tun Sambanthan Brickfields, Kuala Lumpur Sentral, 50400 Kuala Lumpur, Wilayah Persekutuan Kuala Lumpur, Malaysia",3.1302853,101.6851889
39699574,Cheras Freehold Residence walk to MRT | Lowest Price in the Market,"Bandar Tun Razak, Cheras, Kuala Lumpur",370000,3 ,2 ,1000,370.00,,Freehold,Condominium,https://www.propertyguru.com.my/property-listing/cheras-freehold-residence-walk-to-mrt-lowest-price-in-the-market-for-sale-by-ivan-wong-39699574,Cheras,"Cheras, 56000 Kuala Lumpur, Federal Territory of Kuala Lumpur, Malaysia",3.1068447,101.7259197
38420573,Only RM 450k !! [ 0% Down Payment ] Walking Distance To MRT LRT Cash Back Mid Valley,"Mid Valley City, Kuala Lumpur",449878,3 ,2 ,1238,363.39,,Freehold,Condominium,https://www.propertyguru.com.my/property-listing/only-rm-450k-0-down-payment-walking-distance-to-mrt-lrt-cash-back-mid-valley-for-sale-by-kelvin-kon-38420573,Mid Valley City,"Mid Valley City, 58000 Kuala Lumpur, Wilayah Persekutuan Kuala Lumpur, Malaysia",3.1188671,101.6777449
38801058,READY To MOVE IN [ Fully Furnished ] Walking Distance To MRT Station Free Legal Fee Bangsar,"Bangsar, Kuala Lumpur",436786,3 ,2 ,1245,350.83,,Freehold,Condominium,https://www.propertyguru.com.my/property-listing/ready-to-move-in-fully-furnished-walking-distance-to-mrt-station-free-legal-fee-bangsar-for-sale-by-kelvin-kon-38801058,Bangsar,"Pusat Bandar Damansara, Bangsar, 50490 Kuala Lumpur, Federal Territory of Kuala Lumpur, Malaysia",3.1432549,101.6623203
37832448,SWNK Houze @ Bukit Bintang City Centre,"Bukit Bintang City Centre, Bukit Bintang, KL City, Kuala Lumpur",1139000,2 ,2 ,818,"1,392.42",,Leasehold,Service Residence,https://www.propertyguru.com.my/property-listing/swnk-houze-bukit-bintang-city-centre-for-sale-by-william-lee-37832448,KL City,"SWNK Houze, Bukit Bintang City Centre, Jln Hang Tuah, Pudu, 55100 Kuala Lumpur, Federal Territory of Kuala Lumpur, Malaysia",3.1400819,101.7066706
39396239,Pavilion Mont' Kiara,"Changkat Duta Kiara, Mont Kiara, Kuala Lumpur",1090000,2 ,2 ,1001,"1,088.91",2027,Freehold,Condominium,https://www.propertyguru.com.my/property-listing/pavilion-mont-kiara-for-sale-by-william-lee-39396239,Mont Kiara,"Changkat Duta Kiara, Mont Kiara, 50480 Kuala Lumpur, Wilayah Persekutuan Kuala Lumpur, Malaysia",3.170047,101.6580906
39356670,Conlay by E&O,"29 Jalan Kia Peng, KLCC, KL City, Kuala Lumpur",2200000,2 ,2 ,1206,"1,824.21",2025,Freehold,Service Residence,https://www.propertyguru.com.my/property-listing/conlay-by-e-o-for-sale-by-william-lee-39356670,KL City,"29, Jalan Kia Peng, Kuala Lumpur, 50450 Kuala Lumpur, Wilayah Persekutuan Kuala Lumpur, Malaysia",3.1503036,101.7203963
39055257,Imperial Lexis,"Jalan Kia Peng, Imperial Lexis, KLCC, KL City, Kuala Lumpur",1755000,2 ,2 ,804,"2,182.84",2023,Freehold,Apartment,https://www.propertyguru.com.my/property-listing/imperial-lexis-for-sale-by-william-lee-39055257,KL City,"15, Jalan Kia Peng, Kuala Lumpur, 50450 Wilayah Persekutuan, Wilayah Persekutuan Kuala Lumpur, Malaysia",3.1528094,101.7163639
38155930,"Pavilion Ceylon Hill, Bukit Ceylon","1 Jalan Changkat Raja Chulan, Bukit Bintang, KL City, Kuala Lumpur",1750000,3 ,2 ,1324,"1,321.75",2021,Freehold,Service Residence,https://www.propertyguru.com.my/property-listing/pavilion-ceylon-hill-bukit-ceylon-for-sale-by-william-lee-38155930,KL City,"1, Changkat Raja Chulan, Bukit Ceylon, 50200 Kuala Lumpur, Wilayah Persekutuan Kuala Lumpur, Malaysia",3.1494085,101.7057673
39624573,The ERA @ Duta North,"No.208, Jalan Segambut, Segambut, Kuala Lumpur",870000,3 ,3 ,1302,668.20,2022,Freehold,Service Residence,https://www.propertyguru.com.my/property-listing/the-era-duta-north-for-sale-by-renee-chin-39624573,Segambut,"208, Jalan Segambut, Kawasan Perusahaan Segambut, 51200 Kuala Lumpur, Wilayah Persekutuan Kuala Lumpur, Malaysia",3.182661,101.6743136
39774111,Verticas Residensi,"- Jalan Ceylon, Bukit Bintang, KL City, Kuala Lumpur",2590000,5 ,5 ,3000,863.33,2012,Freehold,Condominium,https://www.propertyguru.com.my/property-listing/verticas-residensi-for-sale-by-terence-wang-39774111,KL City,"Bukit Bintang, 50200 Kuala Lumpur, Federal Territory of Kuala Lumpur, Malaysia",3.1477337,101.7050596
39774208,Parc 3,"5 Jalan Pudu Perdana, Cheras, Kuala Lumpur",560000,2 ,2 ,686,816.33,2021,Leasehold,Service Residence,https://www.propertyguru.com.my/property-listing/parc-3-for-sale-by-daniel-tan-39774208,Pudu,"Residensi Pudu Alam Rekreasi (PARC3, 5, Jalan Pudu Perdana, Taman Pertama, 56100 Kuala Lumpur, Wilayah Persekutuan Kuala Lumpur, Malaysia",3.1217716,101.7307668
33371913,Pavilion Damansara Heights,"Jalan Damanlela, Damansara Heights, Kuala Lumpur",1128330,1 ,1 ,695,"1,623.50",2022,Freehold,Condominium,https://www.propertyguru.com.my/property-listing/pavilion-damansara-heights-for-sale-by-nicole-how-33371913,Damansara,"3, Jalan Damanlela, Pusat Bandar Damansara, 50490 Kuala Lumpur, Wilayah Persekutuan Kuala Lumpur, Malaysia",3.1464586,101.6629096
36096970,Pavilion Damansara Heights,"Jalan Damanlela, Damansara Heights, Kuala Lumpur",2600000,2 ,3 ,1514,"1,717.31",2022,Freehold,Service Residence,https://www.propertyguru.com.my/property-listing/pavilion-damansara-heights-for-sale-by-nicole-how-36096970,Damansara,"3, Jalan Damanlela, Pusat Bandar Damansara, 50490 Kuala Lumpur, Wilayah Persekutuan Kuala Lumpur, Malaysia",3.1464586,101.6629096
33022926,Pavilion Damansara Heights,"Jalan Damanlela, Damansara Heights, Kuala Lumpur",1064268,1 ,1 ,605,"1,759.12",2022,Freehold,Condominium,https://www.propertyguru.com.my/property-listing/pavilion-damansara-heights-for-sale-by-nicole-how-33022926,Damansara,"3, Jalan Damanlela, Pusat Bandar Damansara, 50490 Kuala Lumpur, Wilayah Persekutuan Kuala Lumpur, Malaysia",3.1464586,101.6629096
38269188,The Manor KL,"5 Persiaran Stonor, KLCC, KL City, Kuala Lumpur",1880000,2 ,2 ,1322,"1,422.09",2018,Freehold,Service Residence,https://www.propertyguru.com.my/property-listing/the-manor-kl-for-sale-by-ryan-tan-38269188,KL City,"5, Persiaran Stonor, Kuala Lumpur, 50450 Kuala Lumpur, Wilayah Persekutuan Kuala Lumpur, Malaysia",3.1526469,101.7188616
39630961,Sunway Mont Residences,"Mont Residences Jalan Kiara 5,, Mont Kiara, Kuala Lumpur",1080000,2 ,2 ,1122,962.57,,Freehold,Condominium,https://www.propertyguru.com.my/property-listing/sunway-mont-residences-for-sale-by-kt-go-39630961,Mont Kiara,"16, Jalan Kiara 5, Mont Kiara, 50480 Kuala Lumpur, Wilayah Persekutuan Kuala Lumpur, Malaysia",3.1695775,101.6470822
39624395,The ERA @ Duta North,"No.208, Jalan Segambut, Segambut, Kuala Lumpur",694000,3 ,2 ,1033,671.83,2022,Freehold,Service Residence,https://www.propertyguru.com.my/property-listing/the-era-duta-north-for-sale-by-renee-chin-39624395,Segambut,"208, Jalan Segambut, Kawasan Perusahaan Segambut, 51200 Kuala Lumpur, Wilayah Persekutuan Kuala Lumpur, Malaysia",3.182661,101.6743136
39774043,Teratai Mewah Apartment Block 4 & 6,"Jalan Langkawi, Setapak, Kuala Lumpur",200000,3 ,1 ,600,333.33,2017,Freehold,Apartment,https://www.propertyguru.com.my/property-listing/teratai-mewah-apartment-block-4-6-for-sale-by-almon-yeap-39774043,Setapak,"Teratai Mewah Apartment Block 4, Kampung Kuantan, 53000 Kuala Lumpur, Wilayah Persekutuan Kuala Lumpur, Malaysia",3.2006701,101.708742
30583832,Conlay by E&O,"29 Jalan Kia Peng, KLCC, KL City, Kuala Lumpur",2710000,3 ,2 ,1335,"2,029.96",2025,Freehold,Service Residence,https://www.propertyguru.com.my/property-listing/conlay-by-e-o-for-sale-by-ryan-tan-30583832,KL City,"29, Jalan Kia Peng, Kuala Lumpur, 50450 Kuala Lumpur, Wilayah Persekutuan Kuala Lumpur, Malaysia",3.1503036,101.7203963
36001863,"ARIA Luxury Residence, KLCC","- Jalan Tun Razak, Kuala Lumpur Kuala Lumpur, KLCC, KL City, Kuala Lumpur",1150000,1 ,1 ,753,"1,527.22",2019,Freehold,Condominium,https://www.propertyguru.com.my/property-listing/aria-luxury-residence-klcc-for-sale-by-ryan-tan-36001863,KL City,"213, Jln Tun Razak, Kuala Lumpur, 50450 Kuala Lumpur, Wilayah Persekutuan Kuala Lumpur, Malaysia",3.1538913,101.7221658
37603417,Sungai Besi Salak Selatan Taman Desa Sri Petaling Chan Sow Lin Maluri Kuchai Lama Mid Valley Seputeh,"Sungai Besi, Kuala Lumpur",410000,3 ,3 ,1160,353.45,,,Condominium,https://www.propertyguru.com.my/property-listing/sungai-besi-salak-selatan-taman-desa-sri-petaling-chan-sow-lin-maluri-kuchai-lama-mid-valley-seputeh-for-sale-by-carson-tan-37603417,Sungai Besi,"Chan Sow Lin, Fraser Business Park, 55200 Kuala Lumpur, Federal Territory of Kuala Lumpur, Malaysia",3.1278462,101.7155894
37568836,KL Sungai Besi Salak Selatan READY MOVE IN 0 Downpayment Fully Furnish CashBack 100k Walkable to LRT,"Sungai Besi, Kuala Lumpur",400000,3 ,3 ,1150,347.83,,Leasehold,Condominium,https://www.propertyguru.com.my/property-listing/kl-sungai-besi-salak-selatan-ready-move-in-0-downpayment-fully-furnish-cashback-100k-walkable-to-lrt-for-sale-by-carson-tan-37568836,Sungai Besi,"Sungai Besi, 57000 Kuala Lumpur, Federal Territory of Kuala Lumpur, Malaysia",3.0639386,101.7080071
37566144,Razak City Residences (RC Residence),"Lebuhraya Sungai Besi BESRAYA, Sungai Besi, Kuala Lumpur",420000,3 ,3 ,1150,365.22,2020,Leasehold,Service Residence,https://www.propertyguru.com.my/property-listing/razak-city-residences-rc-residence-for-sale-by-carson-tan-37566144,Sungai Besi,"2, Jln Sungai Besi, Sungai Besi, 57100 Kuala Lumpur, Wilayah Persekutuan Kuala Lumpur, Malaysia",3.1084792,101.705885
39725385,Bukit Jalil & Kinrara Sky Bungalow Condo Penthouse Layout,"Bukit Jalil, Kuala Lumpur",650000,4 ,3 ,1900,342.11,,Freehold,Condominium,https://www.propertyguru.com.my/property-listing/bukit-jalil-kinrara-sky-bungalow-condo-penthouse-layout-for-sale-by-aaron-sieh-39725385,Bukit Jalil,"33, Jalan Radin Anum, Bandar Baru Sri Petaling, 57000 Kuala Lumpur, Wilayah Persekutuan Kuala Lumpur, Malaysia",3.0700929,101.6910051
39629222,Setapak sentral,"Sentul, Kuala Lumpur",300000,3 ,2 ,850,352.94,,,Condominium,https://www.propertyguru.com.my/property-listing/setapak-sentral-for-sale-by-pritam-singh-39629222,Sentul,"67, Jln Taman Ibu Kota, Taman Danau Kota, 53300 Kuala Lumpur, Wilayah Persekutuan, Malaysia",3.205435,101.7199889
39557363,RUMAWIP: MIXED DEVELOPMENT @ SETAPAK,"PT 5701 (Lot 27211) Jalan Kilang Tiga, Mukim Setapak, Gombak (KL), Kuala Lumpur",300000,3 ,2 ,801,374.53,2024,,Apartment,https://www.propertyguru.com.my/property-listing/rumawip-mixed-development-setapak-for-sale-by-pritam-singh-39557363,Setapak,"Jalan Kilang Tiga, Kuala Lumpur, Wilayah Persekutuan Kuala Lumpur, Malaysia",3.2039901,101.7255416
35625382,Bukit Mas Apartment,"Jalan 1/4b, Taman Melawati, Kuala Lumpur",260000,3 ,2 ,950,273.68,,Leasehold,Apartment,https://www.propertyguru.com.my/property-listing/bukit-mas-apartment-for-sale-by-kk-ong-35625382,Taman Melawati,"Jalan 1/4b, Taman Desa Melawati, 53100 Kuala Lumpur, Wilayah Persekutuan Kuala Lumpur, Malaysia",3.2299348,101.7427456
38055816,Robson Condominium,"- Persiaran Syed Putra 2, Seputeh, Kuala Lumpur",550000,3 ,2 ,1430,384.62,1995,Freehold,Condominium,https://www.propertyguru.com.my/property-listing/robson-condominium-for-sale-by-kk-ong-38055816,Seputeh,"Persiaran Syed Putra 2, Taman Persiaran Desa, 50460 Kuala Lumpur, Wilayah Persekutuan Kuala Lumpur, Malaysia",3.1209681,101.6838503
38846855,New Completed Condo by 2023!!!【Loan Rejected Last 12 Unit 】Extra Rebate 35% @Mid Valley,"Mid Valley City, Kuala Lumpur",477800,3 ,2 ,1232,387.82,2023,Freehold,Condominium,https://www.propertyguru.com.my/property-listing/new-completed-condo-by-2023-loan-rejected-last-12-unit-extra-rebate-35-mid-valley-for-sale-by-beryl-ting-38846855,Mid Valley City,"Mid Valley City, 58000 Kuala Lumpur, Wilayah Persekutuan Kuala Lumpur, Malaysia",3.1188671,101.6777449
38867603,New Completed Condo by 2023!!!【Loan Rejected Last 12 Unit 】Extra Rebate 35% @Bangsar,"Bangsar Baru, Bangsar, Kuala Lumpur",477880,3 ,2 ,1275,374.81,2023,Freehold,Condominium,https://www.propertyguru.com.my/property-listing/new-completed-condo-by-2023-loan-rejected-last-12-unit-extra-rebate-35-bangsar-for-sale-by-beryl-ting-38867603,Bangsar,"35, PJ Bangsar Bypass, Bangsar, 59000 Kuala Lumpur, Federal Territory of Kuala Lumpur, Malaysia",3.1278065,101.6750999
38874035,New Completed Condo by 2023!!!【Loan Rejected Last 9 Unit 】Extra Rebate 35% @Mont Kiara,"Solaris Dutamas, Mont Kiara, Kuala Lumpur",467880,3 ,2 ,1318,354.99,,Freehold,Condominium,https://www.propertyguru.com.my/property-listing/new-completed-condo-by-2023-loan-rejected-last-9-unit-extra-rebate-35-mont-kiara-for-sale-by-beryl-ting-38874035,Mont Kiara,"Solaris Dutamas, Jln Dutamas 1, Mont Kiara, 50480 Kuala Lumpur, Wilayah Persekutuan, Malaysia",3.1706338,101.6663083
39284166,Tribeca Bukit Bintang,"Jalan Imbi Off Jalan Bukit Bintang, Bukit Bintang, KL City, Kuala Lumpur",987000,1 ,1 ,657,"1,502.28",2017,Freehold,Service Residence,https://www.propertyguru.com.my/property-listing/tribeca-bukit-bintang-for-sale-by-joanne-lee-39284166,KL City,"215, Jln Imbi, Bukit Bintang, 55100 Kuala Lumpur, Wilayah Persekutuan Kuala Lumpur, Malaysia",3.1463843,101.7157033
